episode,score,rolling_avg_score,best_score
1,-148.41631252000218,-148.41631252000218,-148.41631252000218
2,-577.1259875135502,-362.7711500167762,-148.41631252000218
3,-1125.4370013631387,-616.9931004655637,-148.41631252000218
4,-1213.2066366252457,-766.0464845054842,-148.41631252000218
5,-1012.320703670846,-815.3013283385565,-148.41631252000218
6,-764.8033074497198,-806.8849915237503,-148.41631252000218
7,-827.7599486967911,-809.8671282627562,-148.41631252000218
8,-1071.5722783363726,-842.5802720219583,-148.41631252000218
9,-760.0224861439158,-833.4071847021758,-148.41631252000218
10,-1621.9972785342359,-912.2661940853817,-148.41631252000218
11,-720.4119552491866,-894.8248996457277,-148.41631252000218
12,-784.9744321599311,-885.6706940219113,-148.41631252000218
13,-814.3850318077576,-880.1871815438996,-148.41631252000218
14,-960.2369699202527,-885.9050235707819,-148.41631252000218
15,-1525.2451081448412,-928.5276958757191,-148.41631252000218
16,-1100.267781305806,-939.2614512150997,-148.41631252000218
17,-1464.5770306451273,-970.1623676521601,-148.41631252000218
18,-1237.8209754721283,-985.0322903088249,-148.41631252000218
19,-1512.2133653906724,-1012.7786626815538,-148.41631252000218
20,-1406.3521665318108,-1032.4573378740665,-148.41631252000218
21,-1189.792294309925,-1039.9494786567266,-148.41631252000218
22,-805.9562570755297,-1029.3134231303086,-148.41631252000218
23,-1788.8719041953257,-1062.337704915744,-148.41631252000218
24,-1173.4853394522886,-1066.9688563547668,-148.41631252000218
25,-770.1989712233992,-1055.098060949512,-148.41631252000218
26,-403.3705338747423,-1030.0316176004824,-148.41631252000218
27,-469.6896793285444,-1009.2782124792996,-148.41631252000218
28,-413.24618410822404,-987.9913543231897,-148.41631252000218
29,-489.41396657707264,-970.7990306078063,-148.41631252000218
30,-368.17681759624924,-950.7116235074211,-148.41631252000218
31,-283.0337740335726,-929.1736283631035,-148.41631252000218
32,-293.3888862217439,-909.305355171186,-148.41631252000218
33,-485.2852562050066,-896.4562612631199,-148.41631252000218
34,-670.1163564410978,-889.7992052389427,-148.41631252000218
35,-642.8853637697271,-882.7445240541081,-148.41631252000218
36,-653.8674406343679,-876.3868272924486,-148.41631252000218
37,-784.9964330751073,-873.9168166379259,-148.41631252000218
38,-616.6673106371798,-867.147092795801,-148.41631252000218
39,-636.5432051927252,-861.2341726008503,-148.41631252000218
40,-198.7483243529679,-844.6720263946532,-148.41631252000218
41,-229.80537124921335,-829.675278708179,-148.41631252000218
42,-251.57008286901967,-815.910869283437,-148.41631252000218
43,-126.95660662312457,-799.8886771285462,-148.41631252000218
44,-200.3836846834857,-786.2635636638857,-148.41631252000218
45,-236.9860208954855,-774.0573960468101,-148.41631252000218
46,-244.95985710291572,-762.5552756349863,-148.41631252000218
47,-250.14370145728208,-751.6529017163117,-148.41631252000218
48,-177.07608674974693,-739.6825514045084,-148.41631252000218
49,-227.51542646784452,-729.2301610996785,-148.41631252000218
50,-151.12071408904882,-717.6679721594659,-148.41631252000218
51,-178.70849025227875,-707.1001391808935,-148.41631252000218
52,-158.11353775453927,-696.542704538079,-148.41631252000218
53,-270.0061916130464,-688.4948458036444,-148.41631252000218
54,-341.517915711103,-682.0693470982269,-148.41631252000218
55,-110.42592892438394,-671.6758304041571,-148.41631252000218
56,-231.3091710580083,-663.8121400586903,-148.41631252000218
57,-76.56163566573848,-653.5094996307438,-148.41631252000218
58,-359.48302181784476,-648.4400775994869,-148.41631252000218
59,-88.86219993459771,-638.9557067916074,-148.41631252000218
60,-140.975874174707,-630.6560429146591,-148.41631252000218
61,-102.40328315929538,-621.996161607194,-148.41631252000218
62,-111.96390566391223,-613.7698348984314,-148.41631252000218
63,-117.11627717523602,-605.8864450933014,-148.41631252000218
64,-130.41152460396358,-598.4571494606555,-148.41631252000218
65,-116.34662631775082,-591.0400644892262,-148.41631252000218
66,-131.9662309798253,-584.0844003451443,-148.41631252000218
67,-82.7006742643121,-576.6010611499081,-148.41631252000218
68,-83.45054136494093,-569.3488476236586,-148.41631252000218
69,-191.0632288819164,-563.8664473520391,-148.41631252000218
70,-71.28981228504945,-556.8296382796536,-148.41631252000218
71,-51.676373110748635,-549.7148035589648,-148.41631252000218
72,-180.67741894798615,-544.5892843282567,-148.41631252000218
73,-321.70781388848934,-541.5361135003146,-148.41631252000218
74,-109.88069951004033,-535.7029322301757,-148.41631252000218
75,-93.20700282095731,-529.8029865047195,-148.41631252000218
76,-134.114195169608,-524.5965550397838,-148.41631252000218
77,-134.8911895448736,-519.5354463969927,-148.41631252000218
78,-111.98384739725202,-514.3104258969961,-148.41631252000218
79,-112.74042417392135,-509.22726131822293,-148.41631252000218
80,-198.20883290040348,-505.3395309630003,-148.41631252000218
81,-281.3092345866632,-502.57372483489735,-148.41631252000218
82,-136.36261770776755,-498.10773572359085,-148.41631252000218
83,-112.86653086015747,-493.46627542403144,-148.41631252000218
84,-138.89502597562426,-489.2451891210742,-148.41631252000218
85,-184.0243651784932,-485.6543558982203,-148.41631252000218
86,-87.05745757711581,-481.01950824332374,-148.41631252000218
87,-131.83201831608727,-477.00585893381526,-148.41631252000218
88,-236.12774245696215,-474.2686076102147,-148.41631252000218
89,-159.30970515040065,-470.72974353763254,-148.41631252000218
90,-111.33493709235051,-466.73646791046275,-148.41631252000218
91,-142.9657658771732,-463.17854810789913,-148.41631252000218
92,-68.88464954949136,-458.8927448626991,-148.41631252000218
93,-126.92198325861737,-455.3231667809348,-148.41631252000218
94,-83.6989474876694,-451.36971763951703,-148.41631252000218
95,-113.80456972826224,-447.81640029308284,-148.41631252000218
96,-19.989893735344555,-443.35987418310634,-148.41631252000218
97,-129.48961031935903,-440.12409826698524,-148.41631252000218
98,-95.64577093890259,-436.6090132942497,-148.41631252000218
99,-150.0886769716599,-433.7148684829104,-148.41631252000218
100,-102.04218956625417,-430.3981416937438,-148.41631252000218
101,-104.27085374215699,-429.95668710596533,-148.41631252000218
102,-117.63680903312589,-425.36179532116114,-148.41631252000218
103,-134.5026435918682,-415.4524517434484,-148.41631252000218
104,-75.68942478048012,-404.07727962500076,-148.41631252000218
105,-98.00924284294116,-394.93416501672175,-148.41631252000218
106,-199.67339350408935,-389.2828658772654,-148.41631252000218
107,-135.40474689590732,-382.35931385925664,-148.41631252000218
108,-278.54686737777996,-374.4290597496706,-148.41631252000218
109,-152.37952997575505,-368.35263018798906,-148.41631252000218
110,-111.11320853956511,-353.2437894880424,-148.41631252000218
111,-123.45445975425618,-347.274214533093,-148.41631252000218
112,-138.46980202889108,-340.8091682317826,-148.41631252000218
113,-82.13248517290191,-333.48664276543406,-148.41631252000218
114,-217.15568195947765,-326.0558298858263,-148.41631252000218
115,-100.26059069311076,-311.805984711309,-148.41631252000218
116,-66.64624300243173,-301.4697693282753,-148.41631252000218
117,-48.57240200759321,-287.30972304189993,-148.41631252000218
118,-131.35319002927884,-276.2450451874714,-148.41631252000218
119,-120.7321685806414,-262.33023321937117,-148.41631252000218
120,-73.44865955555198,-249.00119814960854,-148.41631252000218
121,-102.90031816267907,-238.1322783881361,-148.41631252000218
122,-86.60351661469196,-230.93875098352768,-148.41631252000218
123,-65.7363154041314,-213.7073950956157,-148.41631252000218
124,-142.09907429875628,-203.39353244408036,-148.41631252000218
125,-100.4642889394273,-196.69618562124066,-148.41631252000218
126,-67.92792293437,-193.34175951183698,-148.41631252000218
127,-80.66023948154744,-189.45146511336702,-148.41631252000218
128,-71.97323381756773,-186.03873561046046,-148.41631252000218
129,-123.63294899768009,-182.38092543466652,-148.41631252000218
130,-103.85217812165601,-179.73767903992064,-148.41631252000218
131,-88.01634442936232,-177.7875047438785,-148.41631252000218
132,-107.22217787089171,-175.92583766036998,-148.41631252000218
133,-113.89219235937708,-172.21190702191365,-148.41631252000218
134,-105.08127470146621,-166.56155620451736,-148.41631252000218
135,-76.70026124616918,-160.8997051792818,-148.41631252000218
136,-202.3623154321976,-156.38465392726008,-148.41631252000218
137,-116.7957921648142,-149.70264751815714,-148.41631252000218
138,-89.61067848049737,-144.4320811965903,-144.4320811965903
139,-105.06098365565447,-139.1172589812196,-139.1172589812196
140,-103.7115127205633,-138.16689086489558,-138.16689086489558
141,-132.71783647163082,-137.19601551711975,-137.19601551711975
142,-347.36264242464057,-138.15394111267597,-137.19601551711975
143,-45.31153881400325,-137.33749043458477,-137.19601551711975
144,-136.16419843856823,-136.6952955721356,-136.6952955721356
145,-112.80586262524218,-135.45349398943313,-135.45349398943313
146,-76.92868912466827,-133.77318230965068,-133.77318230965068
147,-119.77213356894538,-132.4694666307673,-132.4694666307673
148,-90.34119266943522,-131.6021176899642,-131.6021176899642
149,-150.80608597152968,-130.83502428500103,-130.83502428500103
150,-57.85115456404256,-129.902328689751,-129.902328689751
151,-109.37700356699646,-129.20901382289816,-129.20901382289816
152,-85.09369210323368,-128.47881536638508,-128.47881536638508
153,-115.11503719102144,-126.92990382216485,-126.92990382216485
154,-57.74034388266308,-124.09212810388043,-124.09212810388043
155,-118.59342117685273,-124.17380302640511,-124.09212810388043
156,-102.95027945070325,-122.89021411033205,-122.89021411033205
157,-105.5745194798603,-123.18034294847328,-122.89021411033205
158,-51.87652029905385,-120.10427793328537,-120.10427793328537
159,-128.73671489691478,-120.50302308290856,-120.10427793328537
160,-68.94346390384871,-119.78269898019997,-119.78269898019997
161,-80.34518443437825,-119.5621179929508,-119.5621179929508
162,-116.48608002582085,-119.60733973656988,-119.5621179929508
163,-77.77555072195783,-119.21393247203709,-119.21393247203709
164,-75.38094354766899,-118.66362666147415,-118.66362666147415
165,-31.68223739208979,-117.81698277221753,-117.81698277221753
166,-109.16544681413781,-117.58897493056067,-117.58897493056067
167,-77.54315234419717,-117.53739971135953,-117.53739971135953
168,-51.98127448919826,-117.22270704260211,-117.22270704260211
169,-51.54980855630595,-115.82757283934602,-115.82757283934602
170,-156.702736093657,-116.68170207743209,-115.82757283934602
171,-99.23187552076736,-117.15725710153228,-115.82757283934602
172,-130.7847513006438,-116.65833042505885,-115.82757283934602
173,-27.61399441359296,-113.71739223030987,-113.71739223030987
174,-88.84587979592041,-113.50704403316865,-113.50704403316865
175,35.48889418226122,-112.22008506313651,-112.22008506313651
176,-77.24680522040586,-111.65141116364448,-111.65141116364448
177,-110.67681726544225,-111.40926744085019,-111.40926744085019
178,-90.86542172547594,-111.19808318413239,-111.19808318413239
179,-13.069920477621611,-110.20137814716938,-110.20137814716938
180,-214.480441702802,-110.36409423519339,-110.20137814716938
181,-72.68985829692902,-108.27790047229604,-108.27790047229604
182,-60.77291080854021,-107.52200340330378,-107.52200340330378
183,-100.30306965122882,-107.39636879121448,-107.39636879121448
184,-297.82746003443253,-108.98569313180256,-107.39636879121448
185,-70.48256031703471,-107.85027508318795,-107.39636879121448
186,-377.2239485111977,-110.75193999252879,-107.39636879121448
187,-7.7951902355828535,-109.51157171172376,-107.39636879121448
188,-210.24178049877867,-109.2527120921419,-107.39636879121448
189,-229.8313333483146,-109.95792837412104,-107.39636879121448
190,-66.56397627243358,-109.51021876592189,-107.39636879121448
191,-123.07243963534425,-109.31128550350357,-107.39636879121448
192,-54.6567125878365,-109.16900613388705,-107.39636879121448
193,-139.9601951266736,-109.29938825256761,-107.39636879121448
194,-69.19071732018972,-109.15430595089282,-107.39636879121448
195,-90.58769070161108,-108.92213716062632,-107.39636879121448
196,-153.66431605063107,-110.25888138377918,-107.39636879121448
197,-121.57710045871977,-110.17975628517279,-107.39636879121448
198,-161.36229941668844,-110.83692156995066,-107.39636879121448
199,-149.03000679176427,-110.8263348681517,-107.39636879121448
200,-139.0636301563946,-111.1965492740531,-107.39636879121448
201,-108.98438549707093,-111.24368459160225,-107.39636879121448
202,-215.24497105203977,-112.21976621179138,-107.39636879121448
203,-266.4023812162095,-113.53876358803478,-107.39636879121448
204,-87.68314506009477,-113.65870079083092,-107.39636879121448
205,-151.36984451872613,-114.19230680758875,-107.39636879121448
206,-390.39149211594344,-116.09948779370728,-107.39636879121448
207,-259.8087613584373,-117.34352793833258,-107.39636879121448
208,-142.00983013515304,-115.97815756590633,-107.39636879121448
209,-111.44801902959956,-115.5688424564448,-107.39636879121448
210,-196.9369659526791,-116.42708003057592,-107.39636879121448
211,-194.15866778212674,-117.13412211085462,-107.39636879121448
212,-134.31352816963084,-117.09255937226204,-107.39636879121448
213,-148.14230326467552,-117.75265755317977,-107.39636879121448
214,-154.8961133922252,-117.13006186750725,-107.39636879121448
215,-94.25611998253486,-117.07001716040148,-107.39636879121448
216,-169.97088041307882,-118.10326353450795,-107.39636879121448
217,-106.89463864200161,-118.68648590085202,-107.39636879121448
218,-189.63516528157095,-119.26930565337493,-107.39636879121448
219,-116.96125574399188,-119.23159652500844,-107.39636879121448
220,-72.72358216430874,-119.224345751096,-107.39636879121448
221,-109.27026525254837,-119.2880452219947,-107.39636879121448
222,-132.0060271962336,-119.74207032781014,-107.39636879121448
223,-133.40459179926668,-120.41875309176146,-107.39636879121448
224,-170.94863012904375,-120.70724865006436,-107.39636879121448
225,-231.06879199776776,-122.01329368064776,-107.39636879121448
226,-265.57443248260006,-123.98975877613007,-107.39636879121448
227,-272.2045800032728,-125.9052021813473,-107.39636879121448
228,-165.97396110362598,-126.84520945420792,-107.39636879121448
229,-269.3138898304532,-128.30201886253562,-107.39636879121448
230,-353.0471692442568,-130.79396877376163,-107.39636879121448
231,-340.21332662070836,-133.3159385956751,-107.39636879121448
232,-255.55836048743302,-134.7993004218405,-107.39636879121448
233,-134.38483083546922,-135.00422680660145,-107.39636879121448
234,-122.3336000552408,-135.17675006013917,-107.39636879121448
235,-140.94906466447893,-135.8192380943223,-107.39636879121448
236,-148.54126688862894,-135.2810276088866,-107.39636879121448
237,-143.17302386757407,-135.5447999259142,-107.39636879121448
238,-215.54472186851748,-136.8041403597944,-107.39636879121448
239,-243.9278098560395,-138.19280862179824,-107.39636879121448
240,-233.9092400500513,-139.49478589509312,-107.39636879121448
241,-121.95880610984422,-139.38719559147526,-107.39636879121448
242,-142.99542686688153,-137.34352343589765,-107.39636879121448
243,-198.20103832590215,-138.87241843101665,-107.39636879121448
244,-207.62646778004847,-139.58704112443147,-107.39636879121448
245,-123.7368572980312,-139.69635107115934,-107.39636879121448
246,-177.2552117183384,-140.69961629709604,-107.39636879121448
247,-341.50263490970974,-142.91692131050368,-107.39636879121448
248,-126.78885076995954,-143.28139789150893,-107.39636879121448
249,-302.18347696839714,-144.7951718014776,-107.39636879121448
250,-170.67215601762013,-145.92338181601338,-107.39636879121448
251,-122.85515466110022,-146.05816332695443,-107.39636879121448
252,6.560062621220355,-145.1416257797099,-107.39636879121448
253,-273.78933331313334,-146.72836874093102,-107.39636879121448
254,55.116617488371254,-145.59979912722068,-107.39636879121448
255,6.279486376395281,-144.3510700516882,-107.39636879121448
256,-422.4712586266677,-147.54627984344782,-107.39636879121448
257,-20.898032075649688,-146.69951496940573,-107.39636879121448
258,-94.66467502760948,-147.12739651669125,-107.39636879121448
259,38.444456444706816,-145.45558480327503,-107.39636879121448
260,-124.18378746040739,-146.00798803884064,-107.39636879121448
261,-149.2089113157539,-146.6966253076544,-107.39636879121448
262,-207.42649451113047,-147.6060294525075,-107.39636879121448
263,-259.09970308141374,-149.41927097610207,-107.39636879121448
264,52.35043932719822,-148.1419571473534,-107.39636879121448
265,-161.69387874905277,-149.442073560923,-107.39636879121448
266,-99.99909172169345,-149.35041000999857,-107.39636879121448
267,204.0553873526784,-146.5344246130298,-107.39636879121448
268,29.229883236908393,-145.72231303576874,-107.39636879121448
269,17.917119001328224,-145.0276437601924,-107.39636879121448
270,-6.5213635426472045,-143.52583003468234,-107.39636879121448
271,-164.73310059306573,-144.1808422854053,-107.39636879121448
272,-147.67198112572117,-144.3497145836561,-107.39636879121448
273,-41.565500806993974,-144.48922964759007,-107.39636879121448
274,-156.04423504796728,-145.16121320011055,-107.39636879121448
275,-132.98087964433492,-146.84591093837653,-107.39636879121448
276,-71.5710149369842,-146.7891530355423,-107.39636879121448
277,-160.81879397010837,-147.29057280258897,-107.39636879121448
278,-86.66058059307261,-147.24852439126494,-107.39636879121448
279,-71.40581458869029,-147.8318833323756,-107.39636879121448
280,-177.49567575860544,-147.46203567293367,-107.39636879121448
281,-167.959263449606,-148.41472972446041,-107.39636879121448
282,-92.30624583814522,-148.73006307475646,-107.39636879121448
283,-185.191452673875,-149.5789469049829,-107.39636879121448
284,-161.99636643846407,-148.22063596902325,-107.39636879121448
285,-67.0798765023163,-148.18660913087604,-107.39636879121448
286,-384.21037023905836,-148.25647334815466,-107.39636879121448
287,19.471598260208506,-147.98380546319675,-107.39636879121448
288,31.096060868855226,-145.5704270495204,-107.39636879121448
289,195.45633924057012,-141.31755032363154,-107.39636879121448
290,-162.81723682692896,-142.2800829291765,-107.39636879121448
291,-455.6237305141375,-145.60559583796444,-107.39636879121448
292,226.36838279696553,-142.7953448841164,-107.39636879121448
293,-64.25052248374725,-142.03824815768715,-107.39636879121448
294,-76.6402156736183,-142.11274314122144,-107.39636879121448
295,-84.2466741112553,-142.0493329753179,-107.39636879121448
296,2.8293730024338686,-140.48439608478725,-107.39636879121448
297,172.06302370029175,-137.54799484319713,-107.39636879121448
298,-275.843032385038,-138.69280217288062,-107.39636879121448
299,-137.02351661466446,-138.57273727110965,-107.39636879121448
300,246.10939951918314,-134.72100697435388,-107.39636879121448
301,-1.8253646543654867,-133.64941676592682,-107.39636879121448
302,84.8923439741041,-130.64804361566536,-107.39636879121448
303,28.56797690330167,-127.69834003447023,-107.39636879121448
304,-153.02572767095268,-128.3517658605788,-107.39636879121448
305,-110.19377820184722,-127.94000519741003,-107.39636879121448
306,128.39574066451019,-122.7521328696055,-107.39636879121448
307,-226.13400914462642,-122.4153853474674,-107.39636879121448
308,-11.078256390669665,-121.10606961002257,-107.39636879121448
309,155.34064052113138,-118.43818301451527,-107.39636879121448
310,248.67913167206916,-113.98202203826776,-107.39636879121448
311,112.19985384395315,-110.91843682200697,-107.39636879121448
312,-32.28706343350554,-109.89817217464568,-107.39636879121448
313,-82.61944796052015,-109.24294362160414,-107.39636879121448
314,189.07473231944982,-105.80323516448739,-105.80323516448739
315,183.9113091831224,-103.02156087283083,-103.02156087283083
316,228.18445430646008,-99.04000752563545,-99.04000752563545
317,-6.4498656958865155,-98.0355597961743,-98.0355597961743
318,11.903016639342127,-96.02017797696517,-96.02017797696517
319,216.29863410587564,-92.6875790784665,-92.6875790784665
320,-34.116949275138026,-92.30151274957478,-92.30151274957478
321,215.41361006210988,-89.0546739964282,-89.0546739964282
322,-90.54937947634514,-88.64010751922932,-88.64010751922932
323,229.3679964420964,-85.01238163681566,-85.01238163681566
324,194.70311780252302,-81.3558641575,-81.3558641575
325,-84.3831191953658,-79.88900742947598,-79.88900742947598
326,27.170988862242723,-76.96155321602755,-76.96155321602755
327,-139.13282514983203,-75.63083566749316,-75.63083566749316
328,-165.99381544650237,-75.63103421092192,-75.63083566749316
329,-19.032691915689778,-73.12822223177427,-73.12822223177427
330,224.84040241679656,-67.34934651516375,-67.34934651516375
331,200.4884063775588,-61.94232918518107,-61.94232918518107
332,-143.64447657884443,-60.823190346095195,-60.823190346095195
333,5.196992035871432,-59.427372117381786,-59.427372117381786
334,239.06836772058898,-55.81335243962349,-55.81335243962349
335,256.9302890585937,-51.834558902392764,-51.834558902392764
336,196.7828773793939,-48.381317459712534,-48.381317459712534
337,185.22690629146354,-45.09731815812215,-45.09731815812215
338,235.1560898868289,-40.590310040568696,-40.590310040568696
339,182.00305711270704,-36.33100137088124,-36.33100137088124
340,208.08915009644852,-31.911017469416233,-31.911017469416233
341,185.704826867867,-28.83438113963912,-28.83438113963912
342,1.4489343333147673,-27.389937527637162,-27.389937527637162
343,178.67095027702732,-23.621217641607863,-23.621217641607863
344,-20.83379695589534,-21.753290933366333,-21.753290933366333
345,204.14292779273686,-18.474493082458654,-18.474493082458654
346,196.33060244343642,-14.738634940840907,-14.738634940840907
347,202.07467782806054,-9.302861813463203,-9.302861813463203
348,151.663292401802,-6.518340381745587,-6.518340381745587
349,206.47337054642935,-1.4317719065973222,-1.4317719065973222
350,203.3597358797806,2.3085470123766836,2.3085470123766836
351,3.3007200530773417,3.5701057595184587,3.5701057595184587
352,-207.33000185356465,1.431205114770607,3.5701057595184587
353,178.68819813335833,5.955980429235525,5.955980429235525
354,10.394453918634696,5.508758793538158,5.955980429235525
355,45.77532596949149,5.903717189469119,5.955980429235525
356,149.95200372811348,11.627949813016933,11.627949813016933
357,193.02452315351138,13.767175365308544,13.767175365308544
358,11.483482101833886,14.828656936602979,14.828656936602979
359,-141.39372933204032,13.030275078835505,14.828656936602979
360,185.45369657257447,16.126649919165324,16.126649919165324
361,259.3122541018855,20.211861573341718,20.211861573341718
362,246.31481075422226,24.74927462599525,24.74927462599525
363,-5.95002535444155,27.28077140326497,27.28077140326497
364,224.50135710268935,29.002280581019882,29.002280581019882
365,242.30675181730484,33.042286886683456,33.042286886683456
366,37.04005307292073,34.4126783346296,34.4126783346296
367,253.40506567267167,34.90617511782953,34.90617511782953
368,-187.58609181832887,32.73801536727716,34.90617511782953
369,-17.003900015756926,32.388805177106306,34.90617511782953
370,-9.680742780153622,32.357211384731244,34.90617511782953
371,24.077465846184865,34.245317049123756,34.90617511782953
372,-61.261955939767915,35.10941730098328,35.10941730098328
373,-22.248744987789337,35.302584859175326,35.302584859175326
374,221.8164052056349,39.08119126171135,39.08119126171135
375,-131.37888694835112,39.09721118867119,39.09721118867119
376,189.95708102154478,41.71249214825648,41.71249214825648
377,205.05796404121162,45.371259728369665,45.371259728369665
378,31.944804833023397,46.557313582630634,46.557313582630634
379,199.10690332428058,49.262440761760345,49.262440761760345
380,174.4374560291609,52.78177207963801,52.78177207963801
381,-236.35618511198953,52.09780286301417,52.78177207963801
382,-9.785118044978859,52.923014140945845,52.923014140945845
383,143.96765745104778,56.21460524219506,56.21460524219506
384,-34.52057836019861,57.48936312297772,57.48936312297772
385,226.09599723986514,60.42112186039954,60.42112186039954
386,-14.766241156164355,64.11556315122849,64.11556315122849
387,-404.51241094283,59.87572305919809,64.11556315122849
388,194.5849463247551,61.510611913757096,64.11556315122849
389,-147.72371048493054,58.07881141650208,64.11556315122849
390,23.42343366424204,59.9412181214138,64.11556315122849
391,212.05485744968814,66.61800400105203,66.61800400105203
392,231.01871007536494,66.66450727383604,66.66450727383604
393,250.21068140876773,69.80911931276118,69.80911931276118
394,-158.50676516346581,68.99045381786271,69.80911931276118
395,135.75051913191686,71.19042575029444,71.19042575029444
396,105.65601634749734,72.21869218374508,72.21869218374508
397,204.64239527236845,72.54448589946584,72.54448589946584
398,250.82567337669826,77.8111729570832,77.8111729570832
399,155.54443664116047,80.73685248964145,80.73685248964145
400,273.4174442968698,81.00993293741831,81.00993293741831
401,15.967913019948426,81.18786571416145,81.18786571416145
402,-120.88809262270937,79.13006134819332,81.18786571416145
403,235.8573544716276,81.20295512387658,81.20295512387658
404,276.62291245940065,85.49944152518012,85.49944152518012
405,286.1815802067057,89.46319510926565,89.46319510926565
406,167.7649809196618,89.85688751181715,89.85688751181715
407,37.64757694344671,92.4947033726979,92.4947033726979
408,200.7976107290234,94.61346204389481,94.61346204389481
409,125.88348361678914,94.31889047485141,94.61346204389481
410,-41.1617642326502,91.42048151580423,94.61346204389481
411,-205.7330183216913,88.24115279414777,94.61346204389481
412,251.1177021270076,91.0752004497529,94.61346204389481
413,-371.66293680511404,88.18476556130695,94.61346204389481
414,167.81449355061307,87.9721631736186,94.61346204389481
415,-268.9431136758396,83.44361894502896,94.61346204389481
416,30.432465240932288,81.46609905437369,94.61346204389481
417,59.10389249426282,82.12163663627518,94.61346204389481
418,125.52390306912785,83.25784550057304,94.61346204389481
419,147.55724482942196,82.57043160780852,94.61346204389481
420,123.66118401190562,84.14821294067895,94.61346204389481
421,-243.8999467167741,79.5550773728901,94.61346204389481
422,223.72508178183446,82.6978219854719,94.61346204389481
423,193.73120323095972,82.34145405336054,94.61346204389481
424,31.492255012276757,80.70934542545807,94.61346204389481
425,-98.6080598431752,80.56709601897997,94.61346204389481
426,-131.264337600108,78.98274275435647,94.61346204389481
427,82.93643902504908,81.20343539610529,94.61346204389481
428,0.6603284578367266,82.86997683514865,94.61346204389481
429,153.3880060573709,84.59418381487923,94.61346204389481
430,217.3514077516175,84.51929386822749,94.61346204389481
431,131.08852791371942,83.82529508358911,94.61346204389481
432,267.354493457185,87.93528478394941,94.61346204389481
433,-93.58376203990643,86.9474772431916,94.61346204389481
434,-202.3661868686874,82.53313169729886,94.61346204389481
435,-137.49479723187036,78.58888083439419,94.61346204389481
436,-112.49717362028706,75.49608032439738,94.61346204389481
437,-60.29453796134673,73.04086588186928,94.61346204389481
438,-245.6348704042846,68.23295627895814,94.61346204389481
439,-412.9106267905815,62.28381943992527,94.61346204389481
440,-212.84649486232337,58.074462990337544,94.61346204389481
441,243.83290618234395,58.655743783482315,94.61346204389481
442,-184.11719444480866,56.80008249570108,94.61346204389481
443,268.3853624257664,57.69722661718848,94.61346204389481
444,163.9660094680325,59.54522468142775,94.61346204389481
445,238.20123974904237,59.885807800990804,94.61346204389481
446,-120.83853019376544,56.7141164746188,94.61346204389481
447,221.0740580540878,56.904110276879074,94.61346204389481
448,265.92228566204153,58.04670020948147,94.61346204389481
449,-84.14713418104554,55.14049516220672,94.61346204389481
450,172.4728052369,54.83162585577791,94.61346204389481
451,246.62700727563265,57.26488872800346,94.61346204389481
452,240.4284352432391,61.74247309897149,94.61346204389481
453,187.40586874305905,61.82964980506849,94.61346204389481
454,73.38290251547677,62.45953429103691,94.61346204389481
455,-60.20258380194461,61.39975519332254,94.61346204389481
456,-100.46872102672205,58.8955479457742,94.61346204389481
457,-112.64353436633176,55.838867370575784,94.61346204389481
458,-29.41251730947438,55.429907376462694,94.61346204389481
459,-112.3347809047704,55.720496860735395,94.61346204389481
460,226.76954568554055,56.13365535186505,94.61346204389481
461,-75.90301773113646,52.78150263353485,94.61346204389481
462,157.10732038278405,51.88942772982046,94.61346204389481
463,-90.27602732712263,51.04616771009365,94.61346204389481
464,-128.9645145058917,47.511508994007826,94.61346204389481
465,175.29564674773997,46.841397943312174,94.61346204389481
466,215.88456882023314,48.629843100785294,94.61346204389481
467,297.30339658801546,49.06882640993874,94.61346204389481
468,240.09412333147688,53.3456285614368,94.61346204389481
469,-213.67370188826578,51.378930542711714,94.61346204389481
470,127.01212492634804,52.74585921977674,94.61346204389481
471,-46.11300869629014,52.043954474351985,94.61346204389481
472,-67.85056956689684,51.978068338080696,94.61346204389481
473,-110.25715073093063,51.09798428064928,94.61346204389481
474,155.41916222501,50.43401185084303,94.61346204389481
475,-130.5619033919989,50.44218168640655,94.61346204389481
476,-97.93481150272694,47.56326276116383,94.61346204389481
477,181.6176580078748,47.32885970083044,94.61346204389481
478,226.96229767817195,49.27903462928194,94.61346204389481
479,228.76234715771153,49.57558906761626,94.61346204389481
480,-123.29282941901808,46.59828621313447,94.61346204389481
481,225.89351094977303,51.220783173752096,94.61346204389481
482,-104.91911129760841,50.2694432412258,94.61346204389481
483,208.21858853993587,50.911952552114684,94.61346204389481
484,25.97537731804252,51.516912108897095,94.61346204389481
485,164.12704245386286,50.89722256103706,94.61346204389481
486,234.996376502847,53.39484873762717,94.61346204389481
487,-278.8634755739788,54.651338091315694,94.61346204389481
488,233.07985967150185,55.036287224783166,94.61346204389481
489,-59.19330670684708,55.92159126256401,94.61346204389481
490,171.36913313503874,57.40104825727198,94.61346204389481
491,190.0159521604167,57.180659204379246,94.61346204389481
492,-250.24473754636446,52.368024728161956,94.61346204389481
493,235.25349814588705,52.21845289553315,94.61346204389481
494,237.5184973909216,56.17870552107702,94.61346204389481
495,-87.67957496310541,53.9444045801268,94.61346204389481
496,177.28175971702046,54.66066201382203,94.61346204389481
497,258.9689205900338,55.2039272669987,94.61346204389481
498,-146.93902429427135,51.226280290289,94.61346204389481
499,232.19988349159297,51.992834758793315,94.61346204389481
500,129.549224505819,50.55415256088282,94.61346204389481
501,200.69374307048312,52.40141086138816,94.61346204389481
502,186.96409720074587,55.479932759622706,94.61346204389481
503,69.19455622815178,53.81330477718795,94.61346204389481
504,141.0650611105394,52.457726263699335,94.61346204389481
505,151.7627982212843,51.113538443845115,94.61346204389481
506,-195.55778108762485,47.48031082377225,94.61346204389481
507,-82.92774662224708,46.274557588115314,94.61346204389481
508,-130.72078420074618,42.95937363881762,94.61346204389481
509,102.61557092506348,42.72669451190035,94.61346204389481
510,-301.03581325928496,40.12795402163401,94.61346204389481
511,165.28424261056904,43.838126630956616,94.61346204389481
512,139.83332437652047,42.725282853451745,94.61346204389481
513,164.63906911276382,48.088302912630525,94.61346204389481
514,202.83793337091444,48.43853731083354,94.61346204389481
515,192.81968605855775,53.056165308177505,94.61346204389481
516,173.99916690688104,54.491832324837006,94.61346204389481
517,-96.74917959915635,52.93330160390281,94.61346204389481
518,-34.50155397228294,51.333047033488704,94.61346204389481
519,189.15987762541533,51.74907336144864,94.61346204389481
520,224.91985283239507,52.76166004965352,94.61346204389481
521,-82.9981829337154,54.37067768748411,94.61346204389481
522,-407.9569942153565,48.0538569275122,94.61346204389481
523,232.92826212493188,48.44582751645193,94.61346204389481
524,-125.29388878708022,46.87796607845835,94.61346204389481
525,-243.1009167476232,45.43303750941387,94.61346204389481
526,138.72115600284445,48.132892445443396,94.61346204389481
527,204.48180626697012,49.34834611786261,94.61346204389481
528,179.6071448161967,51.13781428144621,94.61346204389481
529,-45.879864625254164,49.145135574619964,94.61346204389481
530,192.79643654841013,48.899585862587884,94.61346204389481
531,191.95476695277569,49.50824825297845,94.61346204389481
532,-63.70802738267315,46.197623044579856,94.61346204389481
533,231.27826860417935,49.44624335102073,94.61346204389481
534,213.1011331571691,53.60091655127929,94.61346204389481
535,146.43072535233102,56.44017177712131,94.61346204389481
536,183.86535207706692,59.40379703409484,94.61346204389481
537,-186.54394390160846,58.14130297469224,94.61346204389481
538,143.1871141760162,62.02952282049525,94.61346204389481
539,-51.48248155123701,65.64380427288869,94.61346204389481
540,217.66096591090985,69.94887888062104,94.61346204389481
541,7.59667065194234,67.58651652531701,94.61346204389481
542,190.63549636381651,71.33404343340325,94.61346204389481
543,-193.1347388051551,66.71884242109404,94.61346204389481
544,227.23859270489314,67.35156825346264,94.61346204389481
545,150.37750046027776,66.473330860575,94.61346204389481
546,218.67473228737617,69.86846348538641,94.61346204389481
547,-102.70768999240974,66.63064600492143,94.61346204389481
548,160.03381700750785,65.5717613183761,94.61346204389481
549,158.48543196554914,67.99808697984204,94.61346204389481
550,232.38133698373537,68.5971722973104,94.61346204389481
551,192.00871354652236,68.05098936001929,94.61346204389481
552,174.70287269261382,67.39373373451303,94.61346204389481
553,213.50416089436652,67.65471665602611,94.61346204389481
554,-334.5650118087153,63.575237512784184,94.61346204389481
555,207.94511012918798,66.25671445209552,94.61346204389481
556,125.37196139020689,68.51512127626481,94.61346204389481
557,4.09025140256125,69.68245913395374,94.61346204389481
558,225.05406723396817,72.22712497938817,94.61346204389481
559,227.10186678308912,75.62149145626675,94.61346204389481
560,242.51585988531608,75.77895459826452,94.61346204389481
561,233.0613801958001,78.86859857753389,94.61346204389481
562,-113.99819077663554,76.15754346593968,94.61346204389481
563,209.44947130115264,79.15479845222244,94.61346204389481
564,49.90682916727739,80.94351188895412,94.61346204389481
565,173.54082052655775,80.9259636267423,94.61346204389481
566,226.8478838655617,81.0355967771956,94.61346204389481
567,181.39525138981037,79.87651532521355,94.61346204389481
568,193.70948950986642,79.41266898699745,94.61346204389481
569,-236.7146285596078,79.18225972028401,94.61346204389481
570,211.44797966070536,80.0266182676276,94.61346204389481
571,233.00377756631937,82.81778613025368,94.61346204389481
572,-201.39673934855915,81.48232443243707,94.61346204389481
573,23.53528694012627,82.82024880914761,94.61346204389481
574,229.00530285318678,83.5561102154294,94.61346204389481
575,221.2047869126369,87.07377711847576,94.61346204389481
576,216.43391235504947,90.21746435705353,94.61346204389481
577,-129.43680797482907,87.10691969722647,94.61346204389481
578,186.26391327352573,86.69993585318001,94.61346204389481
579,204.18239520365432,86.45413633363945,94.61346204389481
580,61.649358951707825,88.3035582173467,94.61346204389481
581,174.49231755791908,87.78954628342817,94.61346204389481
582,166.5914601825993,90.50465199823024,94.61346204389481
583,273.9933239654073,91.16239935248495,94.61346204389481
584,233.01833644466586,93.23282894375117,94.61346204389481
585,167.5092475404946,93.2666509946175,94.61346204389481
586,-32.830913885426156,90.58837809073479,94.61346204389481
587,256.43440001742215,95.9413568466488,95.9413568466488
588,155.5347872428731,95.1659061223625,95.9413568466488
589,-20.34461615929279,95.55439302783805,95.9413568466488
590,241.3130392122781,96.25383208861045,96.25383208861045
591,228.09856720651976,96.63465823907148,96.63465823907148
592,186.7633123596949,101.00473873813208,101.00473873813208
593,96.78432584978627,99.62004701517108,101.00473873813208
594,-165.9800634920565,95.5850614063413,101.00473873813208
595,-242.7669355537762,94.0341878004346,101.00473873813208
596,-182.7884949001378,90.43348525426299,101.00473873813208
597,143.07633245088766,89.27455937287154,101.00473873813208
598,234.26828368304223,93.08663245264466,101.00473873813208
599,258.657189977426,93.351205517503,101.00473873813208
600,225.25954085527718,94.30830868099758,101.00473873813208
601,246.47382712503918,94.76610952154313,101.00473873813208
602,249.42874837039727,95.39075603323963,101.00473873813208
603,169.97820321691867,96.3985925031273,101.00473873813208
604,176.06651701988903,96.74860706222084,101.00473873813208
605,-4.528124269297627,95.18569783731499,101.00473873813208
606,255.4582875069768,99.69585852326104,101.00473873813208
607,276.36151189846555,103.28875110846813,103.28875110846813
608,-125.28173265112059,103.3431416239644,103.3431416239644
609,-183.1347331691417,100.48563858302234,103.3431416239644
610,244.94693502866042,105.94546606590178,105.94546606590178
611,188.25908043855105,106.1752144441816,106.1752144441816
612,-45.56677274599285,104.32121347295647,106.1752144441816
613,200.6902597835695,104.68172537966451,106.1752144441816
614,243.41700320858337,105.08751607804123,106.1752144441816
615,251.65864995340547,105.6759057169897,106.1752144441816
616,247.68376021812455,106.41275165010215,106.41275165010215
617,252.42840884869304,109.90452753458062,109.90452753458062
618,233.59616575995594,112.58550473190304,112.58550473190304
619,240.87866990782396,113.10269265472712,113.10269265472712
620,-153.58837770606783,109.31761034934249,113.10269265472712
621,269.3062445578495,112.84065462425814,113.10269265472712
622,260.48687590793054,119.525093325491,119.525093325491
623,220.33536939726125,119.39916439821428,119.525093325491
624,248.27973138147544,123.13490059989982,123.13490059989982
625,162.35175050395037,127.1894272724156,127.1894272724156
626,270.86399093853595,128.5108556217725,128.5108556217725
627,22.13817040824695,126.68741926318529,128.5108556217725
628,229.34311906922113,127.18477900571551,128.5108556217725
629,211.77912879704326,129.7613689399385,129.7613689399385
630,232.73458039696567,130.16075037842404,130.16075037842404
631,244.97382791788692,130.69094098807514,130.69094098807514
632,231.52379883310442,133.64325925023292,133.64325925023292
633,251.26471816861323,133.84312374587728,133.84312374587728
634,226.43466859270637,133.97645910023263,133.97645910023263
635,248.2074580065241,134.99422642677456,134.99422642677456
636,248.55029754680473,135.64107588147195,135.64107588147195
637,232.8056799870398,139.83457212035842,139.83457212035842
638,236.29336299369632,140.7656346085352,140.7656346085352
639,233.06182814470884,143.6110777054947,143.6110777054947
640,-164.16323671927023,139.7928356791929,143.6110777054947
641,103.71502301151311,140.7540192027886,143.6110777054947
642,242.71282152115361,141.274792454362,143.6110777054947
643,271.0307303103832,145.91644714551737,145.91644714551737
644,159.82428837685018,145.24230410223694,145.91644714551737
645,254.0002545174745,146.2785316428089,146.2785316428089
646,222.27804474002946,146.3145647673354,146.3145647673354
647,186.67888186708853,149.2084304859304,149.2084304859304
648,264.6172411774094,150.25426472762942,150.25426472762942
649,249.74967106127326,151.16690711858666,151.16690711858666
650,235.16696226093052,151.1947633713586,151.1947633713586
651,273.5453325695184,152.01012956158857,152.01012956158857
652,241.20120621728893,152.67511289683532,152.67511289683532
653,263.3880633990036,153.1739519218817,153.1739519218817
654,117.8742218650161,157.698344258619,157.698344258619
655,175.91333091502054,157.37802646647734,157.698344258619
656,240.77547579168132,158.53206161049206,158.53206161049206
657,16.40635830643859,158.65522267953085,158.65522267953085
658,237.4863335038654,158.77954534222982,158.77954534222982
659,236.99327167951117,158.87845939119404,158.87845939119404
660,245.37768269171053,158.907077619258,158.907077619258
661,290.15250624420366,159.47798887974204,159.47798887974204
662,274.16025478572135,163.3595733353656,163.3595733353656
663,287.55322627454564,164.14061088509956,164.14061088509956
664,249.46921792216892,166.13623477264844,166.13623477264844
665,285.03388673059027,167.25116543468877,167.25116543468877
666,270.1173778232112,167.68386037426527,167.68386037426527
667,249.09706082750643,168.36087846864223,168.36087846864223
668,233.23908115774918,168.75617438512106,168.75617438512106
669,251.58753310365177,173.63919600175362,173.63919600175362
670,252.40057635173892,174.04872196866395,174.04872196866395
671,219.8689705499056,173.91737389849982,174.04872196866395
672,270.997914829152,178.64132044027693,178.64132044027693
673,222.61575540337725,180.63212512490946,180.63212512490946
674,289.70113418849735,181.2390834382626,181.2390834382626
675,247.85406309453975,181.50557620008163,181.50557620008163
676,245.53509009460407,181.79658797747715,181.79658797747715
677,247.81980985176565,185.56915415574306,185.56915415574306
678,224.08595443450747,185.94737456735288,185.94737456735288
679,245.6153473399524,186.3617040887159,186.3617040887159
680,277.81173881278016,188.52332788732664,188.52332788732664
681,252.17645609631631,189.3001692727106,189.3001692727106
682,293.21982242735567,190.56645289515814,190.56645289515814
683,268.61556975102985,190.51267535301437,190.56645289515814
684,246.22771794327736,190.64476916800052,190.64476916800052
685,18.405232838764235,189.15372902098318,190.64476916800052
686,277.70598952605906,192.259098055098,192.259098055098
687,6.847724433251329,189.76323129925632,192.259098055098
688,160.53863423349455,189.8132697691625,192.259098055098
689,270.89533515665306,192.72566928232197,192.72566928232197
690,242.29807131704783,192.73551960336968,192.73551960336968
691,261.04762670325647,193.06501019833706,193.06501019833706
692,239.7763788720914,193.59514086346107,193.59514086346107
693,260.1991047134149,195.22928865209732,195.22928865209732
694,254.17100816073815,199.43079936862526,199.43079936862526
695,258.4583431614225,204.44305215577725,204.44305215577725
696,-120.35252651882428,205.0674118395904,205.0674118395904
697,274.6442740511253,206.38309125559277,206.38309125559277
698,223.02018512474808,206.27061027000983,206.38309125559277
699,284.94986391706686,206.53353700940622,206.53353700940622
700,280.8429411194269,207.08937101204774,207.08937101204774
701,235.58990513234772,206.9805317921208,207.08937101204774
702,199.88002211743344,206.48504452959116,207.08937101204774
703,256.54378588375016,207.35070035625947,207.35070035625947
704,76.66340098361073,206.35666919589673,207.35070035625947
705,-21.154577783990135,206.1904046607498,207.35070035625947
706,267.6567867114651,206.31238965279465,207.35070035625947
707,206.87354272413143,205.61750996105133,207.35070035625947
708,204.71567308448516,208.91748401840735,208.91748401840735
709,236.948259323875,213.11831394333748,213.11831394333748
710,220.65806944911793,212.87542528754204,213.11831394333748
711,236.7267818071059,213.36010230122764,213.36010230122764
712,259.5329008721799,216.41109903740934,216.41109903740934
713,229.55893901803614,216.699785829754,216.699785829754
714,237.95963116536558,216.64521210932185,216.699785829754
715,-149.4569142411426,212.63405646737638,216.699785829754
716,236.0633061131297,212.51785192632644,216.699785829754
717,203.99847887748467,212.03355262661435,216.699785829754
718,250.71551498049365,212.20474611881974,216.699785829754
719,271.4877942357191,212.51083736209873,216.699785829754
720,213.9001126652549,216.18572226581196,216.699785829754
721,217.69705699970393,215.66963039023048,216.699785829754
722,241.2515719094815,215.47727735024597,216.699785829754
723,-19.89649347047794,213.07495872156858,216.699785829754
724,282.19881313018385,213.4141495390557,216.699785829754
725,-23.605927003977783,211.55457276397638,216.699785829754
726,103.92660224091753,209.88519887700022,216.699785829754
727,91.40497805611506,210.5778669534789,216.699785829754
728,222.23267156134747,210.50676247840016,216.699785829754
729,203.9737811935548,210.42870900236528,216.699785829754
730,193.0263436864974,210.0316266352606,216.699785829754
731,271.32301746904704,210.29511853077219,216.699785829754
732,234.41120797017874,210.32399262214295,216.699785829754
733,243.84715257124262,210.24981696616925,216.699785829754
734,204.7150595161279,210.03262087540344,216.699785829754
735,240.6128412817768,209.95667470815596,216.699785829754
736,232.12948344365293,209.79246656712442,216.699785829754
737,246.0749173281076,209.92515894053514,216.699785829754
738,237.92929874062463,209.94151829800444,216.699785829754
739,259.2833955144445,210.20373397170178,216.699785829754
740,266.8661034132874,214.51402737302735,216.699785829754
741,232.11979350694267,215.79807507798162,216.699785829754
742,207.98484318842432,215.45079529465437,216.699785829754
743,188.4582596258476,214.62507058780903,216.699785829754
744,207.2437586184249,215.0992652902247,216.699785829754
745,238.79886139329614,214.94725135898295,216.699785829754
746,230.24273644904292,215.02689827607313,216.699785829754
747,210.16600499563904,215.26176950735862,216.699785829754
748,227.95440458834514,214.89514114146797,216.699785829754
749,222.88461868548592,214.6264906177101,216.699785829754
750,204.2055841443143,214.31687683654388,216.699785829754
751,159.53826068752153,213.1768061177239,216.699785829754
752,266.59387858448974,213.43073284139592,216.699785829754
753,242.27523186532576,213.21960452605913,216.699785829754
754,210.3172084102595,214.14403439151155,216.699785829754
755,221.55782561709555,214.60047933853232,216.699785829754
756,236.85944829241953,214.56131906353974,216.699785829754
757,236.50170220414972,216.76227250251682,216.76227250251682
758,285.7382692948006,217.2447918604262,217.2447918604262
759,213.51518681962312,217.01001101182734,217.2447918604262
760,224.60377597240222,216.80227194463427,217.2447918604262
761,267.0296542795453,216.5710434249876,217.2447918604262
762,245.5560888687225,216.28500176581764,217.2447918604262
763,265.97829986555917,216.06925250172776,217.2447918604262
764,244.6746271809909,216.02130659431597,217.2447918604262
765,248.25673274985064,215.65353505450858,217.2447918604262
766,257.4614556868986,215.52697583314546,217.2447918604262
767,225.38496016387444,215.28985482650918,217.2447918604262
768,207.54986997116052,215.0329627146433,217.2447918604262
769,217.81501504718278,214.6952375340786,217.2447918604262
770,197.58962072489845,214.1471279778102,217.2447918604262
771,292.7745729678614,214.87618400198974,217.2447918604262
772,271.2012538197364,214.8782173918956,217.2447918604262
773,206.85073978658215,214.72056723572766,217.2447918604262
774,233.22126286512398,214.15576852249393,217.2447918604262
775,248.39870029645076,214.16121489451302,217.2447918604262
776,207.70237610361232,213.7828877546031,217.2447918604262
777,279.4041492189941,214.0987311482754,217.2447918604262
778,270.8668106781927,214.5665397107122,217.2447918604262
779,251.91703216730122,214.6295565589857,217.2447918604262
780,236.09884146027613,214.2124275854607,217.2447918604262
781,234.45984139900446,214.03526143848762,217.2447918604262
782,252.76521433301414,213.63071535754418,217.2447918604262
783,259.77013421413926,213.54226100217528,217.2447918604262
784,-21.487043255326377,210.86511339018926,217.2447918604262
785,231.97460605050378,213.0008071223066,217.2447918604262
786,210.51171379415598,212.3288643649876,217.2447918604262
787,218.9302812898268,214.44968993355334,217.2447918604262
788,190.9654245221647,214.75395783644,217.2447918604262
789,208.55177028817982,214.1305221877553,217.2447918604262
790,259.9564558370068,214.30710603295492,217.2447918604262
791,277.909835807533,214.4757281239977,217.2447918604262
792,245.3694642751101,214.53165897802785,217.2447918604262
793,242.88868761820288,214.35855480707573,217.2447918604262
794,195.45984216991127,213.77144314716747,217.2447918604262
795,262.49013058864404,213.81176102143974,217.2447918604262
796,-57.89694872578076,214.43631679937013,217.2447918604262
797,217.62977035646213,213.8661717624235,217.2447918604262
798,266.3638801080577,214.2996087122566,217.2447918604262
799,270.2770702169777,214.15288077525565,217.2447918604262
800,231.13098466078455,213.65576121066923,217.2447918604262
801,221.4778278617096,213.51464043796284,217.2447918604262
802,246.8013398106284,213.9838536148948,217.2447918604262
803,269.4632353572698,214.11304810963,217.2447918604262
804,226.91179690544504,215.61553206884832,217.2447918604262
805,247.79348280929028,218.30501267478118,218.30501267478118
806,214.58733514207296,217.7743181590873,218.30501267478118
807,208.49014396772873,217.79048417152327,218.30501267478118
808,253.3599231799806,218.27692667247823,218.30501267478118
809,268.92635853224033,218.59670766456185,218.59670766456185
810,236.1670419462334,218.75179738953295,218.75179738953295
811,181.31984499924891,218.1977280214544,218.75179738953295
812,-68.26184622534123,214.9197805504792,218.75179738953295
813,230.9059237804399,214.93325039810324,218.75179738953295
814,225.3810121834608,214.8074642082842,218.75179738953295
815,254.11327078501608,218.84316605854576,218.84316605854576
816,209.53561424307634,218.57788913984524,218.84316605854576
817,250.7511865440505,219.0454162165109,219.0454162165109
818,237.03964196994963,218.90865748640547,219.0454162165109
819,238.59064951822825,218.57968603923055,219.0454162165109
820,199.470204521025,218.43538695778824,219.0454162165109
821,252.406517027923,218.78248155807046,219.0454162165109
822,233.22093946027704,218.70217523357843,219.0454162165109
823,251.8382041314962,221.4195222095981,221.4195222095981
824,240.11217875096747,220.998655865806,221.4195222095981
825,-44.64908100580879,220.78822432578767,221.4195222095981
826,231.98364889581046,222.0687947923366,222.0687947923366
827,256.5533372978873,223.72027838475432,223.72027838475432
828,233.35448692383795,223.83149653837924,223.83149653837924
829,-35.224704679389596,221.4395116796498,223.83149653837924
830,237.3361314795377,221.88260955758017,223.83149653837924
831,244.59116175061288,221.61529100039584,223.83149653837924
832,207.39018404925613,221.3450807611866,223.83149653837924
833,280.89723958319917,221.71558163130615,223.83149653837924
834,-42.36725807896628,219.24475845535522,223.83149653837924
835,251.2314087579805,219.35094413011723,223.83149653837924
836,244.51927415622973,219.47484203724304,223.83149653837924
837,254.01710652730682,219.55426392923502,223.83149653837924
838,202.5280722607823,219.20025166443662,223.83149653837924
839,235.80804005669327,218.96549810985914,223.83149653837924
840,206.8093165997342,218.36493024172356,223.83149653837924
841,261.29900280677947,218.65672233472196,223.83149653837924
842,262.1177781019461,219.1980516838572,223.83149653837924
843,249.4640612449302,219.80810970004802,223.83149653837924
844,252.46918901767046,220.2603640040404,223.83149653837924
845,269.3777752808101,220.56615314291557,223.83149653837924
846,234.313313934245,220.6068589177676,223.83149653837924
847,278.4253130501821,221.289451998313,223.83149653837924
848,265.3007629251896,221.66291558168143,223.83149653837924
849,235.8169871139358,221.79223926596597,223.83149653837924
850,238.8645622008795,222.1388290465316,223.83149653837924
851,241.38181940300802,222.95726463368646,223.83149653837924
852,252.47688104862257,222.8160946583278,223.83149653837924
853,221.39878507690284,222.6073301904436,223.83149653837924
854,237.53465888464666,222.87950469518745,223.83149653837924
855,278.9177596714273,223.45310403573086,223.83149653837924
856,256.0111114261142,223.64462066706776,223.83149653837924
857,256.1063819280977,223.8406674643072,223.8406674643072
858,273.43766293041654,223.7176614006634,223.8406674643072
859,255.55836947781324,224.13809322724526,224.13809322724526
860,240.12126617170668,224.2932681292383,224.2932681292383
861,255.85183160980216,224.18148990254093,224.2932681292383
862,0.013887190216097522,221.72606788575584,224.2932681292383
863,246.56064903354684,221.53189137743573,224.2932681292383
864,227.80360063231345,221.36318111194893,224.2932681292383
865,264.24346705606206,221.52304845501104,224.2932681292383
866,-28.898544015542342,218.65944845798666,224.2932681292383
867,239.92651628801337,218.80486401922803,224.2932681292383
868,254.82790775821502,219.27764439709858,224.2932681292383
869,242.28840013778978,219.52237824800469,224.2932681292383
870,246.06331724143507,220.00711521317,224.2932681292383
871,236.01022515014398,219.43947173499285,224.2932681292383
872,214.67569756529215,218.8742161724484,224.2932681292383
873,250.08696465578677,219.30657842114047,224.2932681292383
874,270.98676847177063,219.6842334772069,224.2932681292383
875,215.80319672217868,219.35827844146422,224.2932681292383
876,211.55551904992058,219.39680987092729,224.2932681292383
877,-41.02666200791368,216.1925017586582,224.2932681292383
878,215.9217776118309,215.64305142799458,224.2932681292383
879,246.86319754968582,215.59251308181842,224.2932681292383
880,257.29302319363364,215.804454899152,224.2932681292383
881,220.10444569285676,215.66090094209048,224.2932681292383
882,239.59915560025684,215.52924035476292,224.2932681292383
883,246.61384975362697,215.39767751015776,224.2932681292383
884,236.53138652221838,217.97786180793327,224.2932681292383
885,271.36705936562623,218.3717863410845,224.2932681292383
886,215.7997075781987,218.42466627892492,224.2932681292383
887,264.8604544430627,218.8839680104573,224.2932681292383
888,257.0112829990568,219.5444265952262,224.2932681292383
889,234.28749132897218,219.8017838056341,224.2932681292383
890,253.02986620722274,219.73251790933628,224.2932681292383
891,181.63118211939945,218.7697313724549,224.2932681292383
892,230.55913362527212,218.62162806595654,224.2932681292383
893,210.0922962286344,218.29366415206087,224.2932681292383
894,218.72079804630792,218.52627371082482,224.2932681292383
895,251.12657651436385,218.41263817008206,224.2932681292383
896,228.8301668692914,221.27990932603277,224.2932681292383
897,234.0347468285055,221.4439590907532,224.2932681292383
898,238.3078141178967,221.1633984308516,224.2932681292383
899,254.52121983395656,221.0058399270214,224.2932681292383
900,259.6751054156755,221.29128113457028,224.2932681292383
901,195.39125050420878,221.03041536099528,224.2932681292383
902,280.0507500287714,221.3629094631767,224.2932681292383
903,257.84650631099754,221.24674217271397,224.2932681292383
904,265.8637238364439,221.63626144202394,224.2932681292383
905,233.63377207271438,221.49466433465818,224.2932681292383
906,193.30115002462105,221.28180248348366,224.2932681292383
907,237.88703536419393,221.5757713974483,224.2932681292383
908,256.0566083978164,221.60273824962667,224.2932681292383
909,230.14620439773574,221.21493670828167,224.2932681292383
910,218.07111850411053,221.03397747386043,224.2932681292383
911,230.58747689573022,221.52665379282524,224.2932681292383
912,225.14988077291292,224.46077106280777,224.46077106280777
913,255.26869678672963,224.70439879287068,224.70439879287068
914,244.2178527255537,224.89276719829158,224.89276719829158
915,252.25601141414765,224.87419460458293,224.89276719829158
916,230.93466566519564,225.08818511880415,225.08818511880415
917,254.2826859157561,225.12350011252119,225.12350011252119
918,263.25192186098764,225.3856229114316,225.3856229114316
919,244.61796635557343,225.44589607980504,225.44589607980504
920,243.0941063200298,225.8821350977951,225.8821350977951
921,270.18300682757956,226.05989999579162,226.05989999579162
922,239.3079967969494,226.12077056915837,226.12077056915837
923,251.39425770688675,226.1163311049123,226.12077056915837
924,240.79984039125873,226.12320772131517,226.12320772131517
925,263.99206197209685,229.20961915109422,229.20961915109422
926,258.2405329405908,229.472187991542,229.472187991542
927,251.6774970654127,229.42342958921728,229.472187991542
928,254.5337303478403,229.63522202345732,229.63522202345732
929,255.31270828930803,232.5405961531443,232.5405961531443
930,260.3238314895568,232.7704731532445,232.7704731532445
931,231.74753656450594,232.6420369013834,232.7704731532445
932,268.02403284388674,233.24837538932974,233.24837538932974
933,289.65693588647264,233.33597235236243,233.33597235236243
934,277.6868510276987,236.53651344342913,236.53651344342913
935,239.09062457497495,236.41510560159904,236.53651344342913
936,260.3353490454,236.5732663504907,236.5732663504907
937,279.18889838799015,236.82498426909754,236.82498426909754
938,243.5886250283596,237.23558979677335,237.23558979677335
939,277.32641069607814,237.6507735031672,237.6507735031672
940,219.0491071619217,237.773171408789,237.773171408789
941,285.39901527740255,238.01417153349527,238.01417153349527
942,266.0115072451558,238.05310882492736,238.05310882492736
943,285.5436712133695,238.41390492461178,238.41390492461178
944,290.09542779805145,238.7901673124156,238.7901673124156
945,247.96029829950226,238.57599254260253,238.7901673124156
946,257.2287447410689,238.80514685067078,238.80514685067078
947,226.47913308747994,238.28568505104374,238.80514685067078
948,240.19960856442637,238.03467350743608,238.80514685067078
949,249.34780274550312,238.16998166375174,238.80514685067078
950,181.0548134725359,237.59188417646834,238.80514685067078
951,264.7527190652171,237.82559317309043,238.80514685067078
952,217.66045001634836,237.4774288627677,238.80514685067078
953,197.14282018110308,237.2348692138097,238.80514685067078
954,221.48848904447783,237.074407515408,238.80514685067078
955,207.307513900283,236.35830505769653,238.80514685067078
956,233.97896222716363,236.13798356570703,238.80514685067078
957,266.49110303720846,236.24183077679817,238.80514685067078
958,195.64941061111963,235.4639482536052,238.80514685067078
959,220.4966278617987,235.11333083744503,238.80514685067078
960,251.14754948799978,235.22359367060798,238.80514685067078
961,249.17463653539141,235.15682171986384,238.80514685067078
962,286.30618027297453,238.01974465069142,238.80514685067078
963,222.10622203355447,237.77520038069153,238.80514685067078
964,273.9412888785824,238.23657726315417,238.80514685067078
965,211.84877643430377,237.71263035693661,238.80514685067078
966,253.51566155338222,240.53677241262588,240.53677241262588
967,288.13560548506996,241.0188633045964,241.0188633045964
968,263.917553137803,241.10975975839227,241.10975975839227
969,255.60193272047658,241.24289508421919,241.24289508421919
970,295.11464714700173,241.73340838327488,241.73340838327488
971,238.078359502986,241.75408972680327,241.75408972680327
972,299.71855950350766,242.60451834618544,242.60451834618544
973,255.89089635995458,242.66255766322712,242.66255766322712
974,294.9407893315109,242.9020978718245,242.9020978718245
975,261.9813352537563,243.3638792571403,243.3638792571403
976,270.5184593843039,243.95350866048412,243.95350866048412
977,278.9868491684729,247.15364377224796,247.15364377224796
978,252.91490620279095,247.52357505815758,247.52357505815758
979,288.52315240276494,247.94017460668837,247.94017460668837
980,224.26387468401492,247.60988312159222,247.94017460668837
981,259.86144200338424,248.0074530846975,248.0074530846975
982,214.0741906282722,247.75220343497767,248.0074530846975
983,264.9854521325376,247.93591945876676,248.0074530846975
984,272.6172305016657,248.29677789856123,248.29677789856123
985,267.8380893001141,248.26148819790612,248.29677789856123
986,257.41514439950447,248.67764256611918,248.67764256611918
987,226.59205278900154,248.29495854957855,248.67764256611918
988,249.65453343759557,248.2213910539639,248.67764256611918
989,280.0510626703989,248.67902676737816,248.67902676737816
990,214.68768572700816,248.295604962576,248.67902676737816
991,266.0635292689575,249.13992843407158,249.13992843407158
992,242.52813529533853,249.25961845077225,249.25961845077225
993,257.99761492066625,249.73867163769262,249.73867163769262
994,269.1055558028937,250.24251921525848,250.24251921525848
995,251.03900818012954,250.2416435319161,250.24251921525848
996,241.5522668809051,250.36886453203226,250.36886453203226
997,270.3298516987534,250.73181558073472,250.73181558073472
998,234.09067390197976,250.6896441785756,250.73181558073472
999,277.8892138065738,250.9233241183018,250.9233241183018
1000,255.84762425297242,250.88504930667474,250.9233241183018
1001,250.81883746715926,251.43932517630424,251.43932517630424
1002,206.27110336985533,250.70152870971506,251.43932517630424
1003,218.68080561795466,250.3098717027846,251.43932517630424
1004,262.94738566775993,250.28070832109782,251.43932517630424
1005,270.23299541267363,250.64670055449736,251.43932517630424
1006,245.7321085265772,251.17101013951694,251.43932517630424
1007,272.4067089852122,251.51620687572708,251.51620687572708
1008,257.388788581966,251.52952867756855,251.52952867756855
1009,264.1233578970802,251.86930021256202,251.86930021256202
1010,251.12294960603484,252.19981852358126,252.19981852358126
1011,243.2425886426082,252.32636964105006,252.32636964105006
1012,187.59295719928966,251.95080040531383,252.32636964105006
1013,265.6105008119794,252.05421844556636,252.32636964105006
1014,273.819988698159,252.35023980529243,252.35023980529243
1015,220.89077482667454,252.0365874394177,252.35023980529243
1016,238.34024487856854,252.11064323155145,252.35023980529243
1017,245.01253298231418,252.017941702217,252.35023980529243
1018,202.6631879785176,251.41205436339226,252.35023980529243
1019,214.35765293134492,251.10945122914995,252.35023980529243
1020,247.3101618599416,251.1516117845491,252.35023980529243
1021,239.95463195383647,250.84932803581168,252.35023980529243
1022,261.373129380048,251.06997936164268,252.35023980529243
1023,261.9219517747607,251.17525630232143,252.35023980529243
1024,251.31205892419132,251.28037848765075,252.35023980529243
1025,261.36533173951756,251.25411118532497,252.35023980529243
1026,239.11614746920398,251.0628673306111,252.35023980529243
1027,272.231415261586,251.26840651257282,252.35023980529243
1028,-41.17656921880087,248.3113035169064,252.35023980529243
1029,271.9416297135341,248.4775927311487,252.35023980529243
1030,247.18302034680633,248.34618461972113,252.35023980529243
1031,216.95807212238347,248.19828997529993,252.35023980529243
1032,279.8030707139455,248.3160803540005,252.35023980529243
1033,254.3322497245385,247.9628334923811,252.35023980529243
1034,228.12739213146898,247.46723890341883,252.35023980529243
1035,232.13523429324223,247.39768500060148,252.35023980529243
1036,253.62799190730522,247.3306114292205,252.35023980529243
1037,265.88907449521383,247.1976131902928,252.35023980529243
1038,191.5133006288127,246.67685994629733,252.35023980529243
1039,237.85447451212258,246.2821405844578,252.35023980529243
1040,261.7081982491944,246.7087314953305,252.35023980529243
1041,268.51170983815416,246.53985844093805,252.35023980529243
1042,-129.76567194043616,242.58208664908207,252.35023980529243
1043,253.7395345642898,242.26404528259133,252.35023980529243
1044,255.8888433534424,241.9219794381452,252.35023980529243
1045,239.00460922506795,241.83242254740085,252.35023980529243
1046,225.07958910599984,241.5109309910502,252.35023980529243
1047,250.79459947015846,241.75408565487695,252.35023980529243
1048,250.70018396626745,241.85909140889535,252.35023980529243
1049,282.55583531516857,242.19117173459202,252.35023980529243
1050,282.35468657765,243.2041704656432,252.35023980529243
1051,250.19619759094832,243.05860525090048,252.35023980529243
1052,276.61824362365985,243.6481831869736,252.35023980529243
1053,248.99202046643472,244.1666751898269,252.35023980529243
1054,253.58411929701055,244.48763149235228,252.35023980529243
1055,-18.363120646182836,242.2309251468876,252.35023980529243
1056,270.72724166654353,242.5984079412814,252.35023980529243
1057,236.31729118734432,242.29666982278277,252.35023980529243
1058,249.96830802169472,242.83985879688854,252.35023980529243
1059,276.0568198757124,243.3954607170277,252.35023980529243
1060,265.2826705847315,243.53681192799502,252.35023980529243
1061,260.7423550801257,243.65248911344236,252.35023980529243
1062,226.729629826493,243.0567236089775,252.35023980529243
1063,208.6558212744725,242.92221960138667,252.35023980529243
1064,148.0393348145738,241.66320006074656,252.35023980529243
1065,214.35055596093372,241.68821785601284,252.35023980529243
1066,254.76490410376945,241.70071028151676,252.35023980529243
1067,190.01758207910729,240.71953004745717,252.35023980529243
1068,232.08933693173273,240.40124788539643,252.35023980529243
1069,239.43756450693277,240.239604203261,252.35023980529243
1070,245.9312827937241,239.74777055972828,252.35023980529243
1071,236.12890701167225,239.7282760348151,252.35023980529243
1072,256.40815772006454,239.29517201698064,252.35023980529243
1073,274.64813239095315,239.48274437729066,252.35023980529243
1074,268.1793342091419,239.21512982606694,252.35023980529243
1075,230.65470944486952,238.90186356797807,252.35023980529243
1076,265.43499217432486,238.85102889587827,252.35023980529243
1077,204.31666493513006,238.10432705354484,252.35023980529243
1078,269.82114246125764,238.2733894161295,252.35023980529243
1079,254.01098758953438,237.9282677679972,252.35023980529243
1080,288.77663990352687,238.57339542019236,252.35023980529243
1081,253.95975943896903,238.51437859454825,252.35023980529243
1082,246.27196112333004,238.83635629949885,252.35023980529243
1083,277.94153238728336,238.96591710204626,252.35023980529243
1084,252.7531079931573,238.76727587696118,252.35023980529243
1085,245.06397804595497,238.53953476441956,252.35023980529243
1086,246.80541613824496,238.43343748180698,252.35023980529243
1087,252.88403211499028,238.69635727506687,252.35023980529243
1088,255.4695987076257,238.75450792776718,252.35023980529243
1089,170.50438229921775,237.6590411240554,252.35023980529243
1090,269.3865211213798,238.2060294779991,252.35023980529243
1091,237.70767592695339,237.92247094457906,252.35023980529243
1092,268.7062164588292,238.184251756214,252.35023980529243
1093,260.66647494926053,238.21094035649986,252.35023980529243
1094,228.19093406675177,237.80179413913845,252.35023980529243
1095,267.36918844315096,237.96509594176862,252.35023980529243
1096,285.9730372584421,238.40930364554401,252.35023980529243
1097,285.3682173155023,238.5596873017115,252.35023980529243
1098,219.93936986288873,238.4181742613206,252.35023980529243
1099,255.43223474834065,238.19360447073828,252.35023980529243
1100,216.70309316572803,237.8021591598658,252.35023980529243
1101,222.64339359899856,237.5204047211842,252.35023980529243
1102,206.49724453000368,237.5226661327857,252.35023980529243
1103,251.00227819822507,237.84588085858846,252.35023980529243
1104,280.30464601455105,238.01945346205636,252.35023980529243
1105,247.16885474153142,237.78881205534498,252.35023980529243
1106,268.76786018380284,238.0191695719172,252.35023980529243
1107,-4.664142825322045,235.24846105381184,252.35023980529243
1108,224.23893282212202,234.9169624962134,252.35023980529243
1109,262.27461512913146,234.8984750685339,252.35023980529243
1110,262.70694072823517,235.01431497975594,252.35023980529243
1111,274.66794123337183,235.32856850566358,252.35023980529243
1112,244.6958620358342,235.89959755402901,252.35023980529243
1113,248.32880438550623,235.7267805897643,252.35023980529243
1114,268.5386722960775,235.67396742574346,252.35023980529243
1115,277.20294273120726,236.23708910478877,252.35023980529243
1116,278.24081033801485,236.63609475938327,252.35023980529243
1117,251.53407137516066,236.70131014331167,252.35023980529243
1118,245.40008079874517,237.12867907151403,252.35023980529243
1119,250.68448142491118,237.49194735644969,252.35023980529243
1120,263.3576768851358,237.65242250670158,252.35023980529243
1121,268.6596874872306,237.93947306203552,252.35023980529243
1122,225.35225936697066,237.57926436190476,252.35023980529243
1123,248.49778489571665,237.4450226931143,252.35023980529243
1124,252.7833721307422,237.4597358251798,252.35023980529243
1125,265.9245537590499,237.50532804537514,252.35023980529243
1126,248.14344531529372,237.59560102383605,252.35023980529243
1127,249.20616396312133,237.3653485108514,252.35023980529243
1128,269.12495256555985,240.46836372869495,252.35023980529243
1129,254.08706310112845,240.28981806257093,252.35023980529243
1130,245.395362835535,240.27194148745818,252.35023980529243
1131,273.1057509556523,240.8334182757909,252.35023980529243
1132,242.70177826912885,240.4624053513427,252.35023980529243
1133,262.5255062269517,240.54433791636686,252.35023980529243
1134,267.70640564364066,240.94012805148859,252.35023980529243
1135,270.94434906203423,241.32821919917652,252.35023980529243
1136,231.3035088999474,241.10497436910293,252.35023980529243
1137,277.2626371385229,241.21870999553602,252.35023980529243
1138,282.6262243224355,242.12983923247222,252.35023980529243
1139,269.08044304941234,242.4420989178451,252.35023980529243
1140,264.99059976930266,242.47492293304626,252.35023980529243
1141,253.71502170128184,242.32695605167748,252.35023980529243
1142,243.00421796991247,246.054654950781,252.35023980529243
1143,250.54182673869488,246.02267787252507,252.35023980529243
1144,268.72933443584014,246.151082783349,252.35023980529243
1145,247.05904355554225,246.23162712665376,252.35023980529243
1146,251.91082419939514,246.49993947758773,252.35023980529243
1147,278.73487245349963,246.77934220742114,252.35023980529243
1148,247.20769980051824,246.7444173657636,252.35023980529243
1149,250.18082305585472,246.4206672431705,252.35023980529243
1150,251.74338249671376,246.1145542023611,252.35023980529243
1151,259.8999474885218,246.21159170133683,252.35023980529243
1152,230.24683195179398,245.74787758461818,252.35023980529243
1153,255.90376082182627,245.81699498817213,252.35023980529243
1154,278.1708225248301,246.0628620204503,252.35023980529243
1155,255.63018629912776,248.8027950899034,252.35023980529243
1156,280.7981620285018,248.90350429352304,252.35023980529243
1157,240.6384116272602,248.94671549792216,252.35023980529243
1158,32.32183192057673,246.770250736911,252.35023980529243
1159,261.68522478152505,246.6265347859691,252.35023980529243
1160,272.88521611509407,246.70256024127272,252.35023980529243
1161,267.77026577136866,246.77283934818516,252.35023980529243
1162,275.2183940415672,247.2577269903359,252.35023980529243
1163,261.8401360739665,247.78957013833082,252.35023980529243
1164,215.3601292519349,248.4627780827044,252.35023980529243
1165,256.61776589306305,248.88545018202575,252.35023980529243
1166,248.56348823937853,248.82343602338184,252.35023980529243
1167,289.3580536358518,249.81684073894928,252.35023980529243
1168,243.3095336734582,249.92904270636657,252.35023980529243
1169,264.07139092957146,250.17538097059293,252.35023980529243
1170,268.67044420099523,250.40277258466557,252.35023980529243
1171,280.1370693649121,250.842854208198,252.35023980529243
1172,203.38193735818913,250.31259200457924,252.35023980529243
1173,297.03607388539456,250.5364714195237,252.35023980529243
1174,241.78711466797674,250.272549224112,252.35023980529243
1175,250.59673590799332,250.47196948874327,252.35023980529243
1176,284.80946756113843,250.66571424261144,252.35023980529243
1177,276.1487476324854,251.38403506958497,252.35023980529243
1178,253.83134424044403,251.2241370873768,252.35023980529243
1179,265.7590947286116,251.34161815876757,252.35023980529243
1180,242.46468583547232,250.878498618087,252.35023980529243
1181,254.45036627456324,250.883404686443,252.35023980529243
1182,238.1509291598295,250.802194366808,252.35023980529243
1183,283.26711452481817,250.8554501881833,252.35023980529243
1184,236.91580896622935,250.69707719791404,252.35023980529243
1185,241.9815931258586,250.6662533487131,252.35023980529243
1186,271.7730261144112,250.91592944847474,252.35023980529243
1187,256.11819254489313,250.94827105277378,252.35023980529243
1188,267.14181462192585,251.06499321191677,252.35023980529243
1189,277.0818001273914,252.1307673901985,252.35023980529243
1190,266.23486505606195,252.09925082954535,252.35023980529243
1191,256.7311818475416,252.28948588875122,252.35023980529243
1192,257.6456752833274,252.17888047699623,252.35023980529243
1193,292.47115004514,252.49692722795507,252.49692722795507
1194,251.78007222077224,252.73281860949527,252.73281860949527
1195,214.30064916582512,252.20213321672196,252.73281860949527
1196,255.2713382406362,251.89511622654388,252.73281860949527
1197,230.80020530347753,251.3494361064236,252.73281860949527
1198,260.49742657807906,251.7550166735755,252.73281860949527
1199,267.64995540300083,251.87719388012215,252.73281860949527
1200,199.22942793753245,251.70245722784017,252.73281860949527
1201,226.33647966665345,251.73938808851676,252.73281860949527
1202,255.2816188975862,252.22723183219256,252.73281860949527
1203,270.5729906982392,252.42293895719268,252.73281860949527
1204,258.02514690484134,252.20014396609557,252.73281860949527
1205,264.0968222994517,252.3694236416748,252.73281860949527
1206,239.95583421498998,252.08130338198666,252.73281860949527
1207,245.4403467267001,254.5823482775069,254.5823482775069
1208,267.98642413832357,255.01982319066892,255.01982319066892
1209,251.96268444629612,254.91670388384054,255.01982319066892
1210,225.04004124019625,254.54003488896015,255.01982319066892
1211,194.6973856993649,253.74032933362005,255.01982319066892
1212,253.72777547718886,253.83064846803364,255.01982319066892
1213,235.66520566440147,253.70401248082263,255.01982319066892
1214,224.98127820911972,253.26843853995302,255.01982319066892
1215,30.82974566332743,250.80470656927423,255.01982319066892
1216,272.1056717943137,250.7433551838372,255.01982319066892
1217,266.9600369522412,250.89761483960802,255.01982319066892
1218,264.5627895620029,251.08924192724058,255.01982319066892
1219,265.4942998733184,251.23734011172462,255.01982319066892
1220,286.5468781280616,251.4692321241539,255.01982319066892
1221,280.85472881642096,251.59118253744583,255.01982319066892
1222,261.02773438970496,251.9479372876732,255.01982319066892
1223,275.7995418310853,252.22095485702687,255.01982319066892
1224,263.96257732647155,252.33274690898415,255.01982319066892
1225,237.25067455713585,252.046008116965,255.01982319066892
1226,264.22625835516686,252.20683624736378,255.01982319066892
1227,293.6596880140296,252.6513714878728,255.01982319066892
1228,266.70254018290166,252.62714736404624,255.01982319066892
1229,257.7100430012882,252.66337716304784,255.01982319066892
1230,280.146192139047,253.01088545608295,255.01982319066892
1231,236.39009232730308,252.64372886979945,255.01982319066892
1232,252.59298735785634,252.74264096068674,255.01982319066892
1233,256.041801596591,252.67780391438316,255.01982319066892
1234,263.1330124304398,252.63206998225115,255.01982319066892
1235,247.55593692920482,252.3981858609229,255.01982319066892
1236,260.22817981256736,252.68743257004903,255.01982319066892
1237,260.95444802632153,252.52435067892705,255.01982319066892
1238,239.92204928328047,252.09730892853545,255.01982319066892
1239,280.8647165806288,252.21515166384765,255.01982319066892
1240,255.6178863986263,252.12142453014087,255.01982319066892
1241,287.9288751115314,252.46356306424335,255.01982319066892
1242,243.7581868167766,252.47110275271203,255.01982319066892
1243,237.93274391393481,252.34501192446442,255.01982319066892
1244,251.4941541935358,252.17266012204138,255.01982319066892
1245,266.422533379485,252.3662950202808,255.01982319066892
1246,275.491613076543,252.6021029090523,255.01982319066892
1247,246.9912186755473,252.28466637127275,255.01982319066892
1248,276.4608452273561,252.57719782554116,255.01982319066892
1249,261.070099379776,252.68609058878036,255.01982319066892
1250,273.6276331340382,252.90493309515358,255.01982319066892
1251,294.07536373221774,253.24668725759054,255.01982319066892
1252,192.9037243528351,252.87325618160096,255.01982319066892
1253,255.76813634189241,252.8718999368016,255.01982319066892
1254,246.91471793625317,252.5593388909159,255.01982319066892
1255,265.82468905502145,252.6612839184748,255.01982319066892
1256,263.9886637766372,252.49318893595614,255.01982319066892
1257,269.6622301859696,252.7834271215432,255.01982319066892
1258,250.5551577859195,254.96576038019666,255.01982319066892
1259,277.8969400761998,255.1278775331434,255.1278775331434
1260,253.6520123919317,254.93554549591178,255.1278775331434
1261,235.816675297175,254.61600959116987,255.1278775331434
1262,269.3994036441641,254.55781968719583,255.1278775331434
1263,254.6019925812863,254.48543825226906,255.1278775331434
1264,262.26276366219093,254.9544645963716,255.1278775331434
1265,247.66114236768422,254.86489836111784,255.1278775331434
1266,242.79395979645645,254.80720307668855,255.1278775331434
1267,230.3443073979196,254.21706561430926,255.1278775331434
1268,264.9925853026575,254.43389613060125,255.1278775331434
1269,271.3865437598081,254.50704765890362,255.1278775331434
1270,274.0532873187252,254.56087609008088,255.1278775331434
1271,262.1457039910023,254.3809624363418,255.1278775331434
1272,213.78986022333402,254.48504166499325,255.1278775331434
1273,239.16970725238446,253.9063779986632,255.1278775331434
1274,265.8002888328285,254.1465097403117,255.1278775331434
1275,224.22786920775548,253.88282107330934,255.1278775331434
1276,238.1965685333914,253.41669208303193,255.1278775331434
1277,280.1589170804103,253.45679377751117,255.1278775331434
1278,261.90973621183866,253.53757769722503,255.1278775331434
1279,273.79606718373583,253.61794742177625,255.1278775331434
1280,252.95148328348094,253.72281539625635,255.1278775331434
1281,247.53581816042254,253.65366991511496,255.1278775331434
1282,233.0586661313591,253.60274728483023,255.1278775331434
1283,232.2087244391703,253.09216338397374,255.1278775331434
1284,243.26612228637745,253.15566651717526,255.1278775331434
1285,224.19327077683266,252.97778329368498,255.1278775331434
1286,248.67856237728782,252.74683865631377,255.1278775331434
1287,259.4980187663753,252.78063691852861,255.1278775331434
1288,242.4027468178303,252.53324624048764,255.1278775331434
1289,261.0711706079841,252.3731399452936,255.1278775331434
1290,214.70644820911025,251.85785577682407,255.1278775331434
1291,247.783447384097,251.76837843218965,255.1278775331434
1292,249.95963737129625,251.6915180530693,255.1278775331434
1293,265.8797114966805,251.42560366758468,255.1278775331434
1294,247.61913377693367,251.3839942831463,255.1278775331434
1295,245.66422915205044,251.69763008300856,255.1278775331434
1296,270.6469359117341,251.85138605971954,255.1278775331434
1297,253.4791227205178,252.07817523388994,255.1278775331434
1298,253.06884125493886,252.00388938065853,255.1278775331434
1299,264.4208707751509,251.97159853437998,255.1278775331434
1300,228.13905880748914,252.2606948430796,255.1278775331434
1301,270.1446933508703,252.69877697992175,255.1278775331434
1302,252.85005020307005,252.6744612929766,255.1278775331434
1303,256.7647476135685,252.5363788621299,255.1278775331434
1304,216.4549500436658,252.1206768935181,255.1278775331434
1305,275.7738050046685,252.2374467205703,255.1278775331434
1306,272.2610354636532,252.56049873305693,255.1278775331434
1307,263.33230295037345,252.73941829529366,255.1278775331434
1308,264.1547207750771,252.7011012616612,255.1278775331434
1309,226.07425461559038,252.44221696335416,255.1278775331434
1310,267.1166079859404,252.86298263081156,255.1278775331434
1311,247.82110933165075,253.3942198671344,255.1278775331434
1312,278.94738487718763,253.6464159611344,255.1278775331434
1313,247.7819537566542,253.76758344205692,255.1278775331434
1314,249.8303655878395,254.01607431584415,255.1278775331434
1315,256.28988363972553,256.27067569560813,256.27067569560813
1316,249.78464362344602,256.04746541389943,256.27067569560813
1317,304.1407302329477,256.4192723467065,256.4192723467065
1318,257.48705130216007,256.34851496410806,256.4192723467065
1319,256.6020652795426,256.25959261817036,256.4192723467065
1320,261.7047179382274,256.011171016272,256.4192723467065
1321,256.9050444385833,255.77167417249362,256.4192723467065
1322,253.9060754500497,255.7004575830971,256.4192723467065
1323,240.1328888295596,255.34379105308187,256.4192723467065
1324,242.04818269150718,255.1246471067322,256.4192723467065
1325,249.79870063838308,255.25012736754468,256.4192723467065
1326,261.4359386599337,255.22222417059234,256.4192723467065
1327,260.0340446798165,254.88596773725024,256.4192723467065
1328,276.3820398493302,254.98276273391454,256.4192723467065
1329,264.30869685813013,255.04874927248292,256.4192723467065
1330,261.95513701011487,254.86683872119357,256.4192723467065
1331,271.61684390762707,255.21910623699682,256.4192723467065
1332,278.71399600555173,255.48031632347374,256.4192723467065
1333,241.27303348841642,255.33262864239205,256.4192723467065
1334,271.39208340835944,255.4152193521712,256.4192723467065
1335,270.52767579711326,255.6449367408503,256.4192723467065
1336,284.14151096160765,255.8840700523407,256.4192723467065
1337,238.68986085667123,255.66142418064416,256.4192723467065
1338,265.5202961640581,255.91740664945192,256.4192723467065
1339,262.3648681994778,255.73240816564044,256.4192723467065
1340,264.4391398264737,255.82062069991892,256.4192723467065
1341,249.35914539837415,255.43492340278735,256.4192723467065
1342,250.00485170244562,255.49739005164406,256.4192723467065
1343,231.48841504308345,255.43294676293553,256.4192723467065
1344,267.8139007646592,255.5961442286468,256.4192723467065
1345,264.89632020854356,255.58088209693736,256.4192723467065
1346,281.18127410282614,255.63777870720023,256.4192723467065
1347,263.86113533488384,255.80647787379357,256.4192723467065
1348,259.56283753751285,255.6374977968951,256.4192723467065
1349,272.63216313446924,255.75311843444203,256.4192723467065
1350,284.07815069612155,255.8576236100629,256.4192723467065
1351,240.23794049593005,255.3192493777,256.4192723467065
1352,251.61057307422575,255.90631786491392,256.4192723467065
1353,283.6218060696086,256.18485456219105,256.4192723467065
1354,275.38705018558596,256.4695778846844,256.4695778846844
1355,231.6041016601048,256.12737201073526,256.4695778846844
1356,269.71939385050985,256.184679311474,256.4695778846844
1357,223.96056885625,255.7276626981768,256.4695778846844
1358,270.8668598168409,255.93077971848604,256.4695778846844
1359,266.28771748859845,255.81468749261,256.4695778846844
1360,260.4970123906087,255.8831374925968,256.4695778846844
1361,260.0341587175804,256.1253123268008,256.4695778846844
1362,276.6639947333159,256.1979582376923,256.4695778846844
1363,303.97394253567404,256.6916777372362,256.6916777372362
1364,275.22422023635346,256.82129230297784,256.82129230297784
1365,251.28666750092117,256.8575475543102,256.8575475543102
1366,271.16259471407136,257.1412339034863,257.1412339034863
1367,255.48713522001157,257.3926621817072,257.3926621817072
1368,268.7288857444279,257.43002518612496,257.43002518612496
1369,261.78907935785696,257.33405054210544,257.43002518612496
1370,242.82822435849081,257.02179991250307,257.43002518612496
1371,260.64205867133,257.0067634593064,257.43002518612496
1372,240.25118288980994,257.27137668597106,257.43002518612496
1373,270.9772528216723,257.58945214166397,257.58945214166397
1374,221.13062436489506,257.14275549698465,257.58945214166397
1375,268.39535133543416,257.58443031826147,257.58945214166397
1376,263.19393272556044,257.8344039601832,257.8344039601832
1377,286.62051945385485,257.89901998391764,257.89901998391764
1378,282.0071194339736,258.099993816139,258.099993816139
1379,261.2332699129654,257.9743658434313,258.099993816139
1380,281.7637193228255,258.2624882038247,258.2624882038247
1381,265.7288351625622,258.4444183738461,258.4444183738461
1382,290.66516967858615,259.0204834093184,259.0204834093184
1383,291.12211091642837,259.6096172740909,259.6096172740909
1384,261.48751107592045,259.79183116198635,259.79183116198635
1385,267.4375939442649,260.2242743936607,260.2242743936607
1386,264.14869730929684,260.37897574298086,260.37897574298086
1387,282.4761254344279,260.6087568096613,260.6087568096613
1388,281.29378168486016,260.99766715833164,260.99766715833164
1389,244.307560224286,260.8300310544946,260.99766715833164
1390,226.89244638199955,260.9518910362235,260.99766715833164
1391,291.27677443312854,261.38682430671383,261.38682430671383
1392,298.7141076572885,261.8743690095738,261.8743690095738
1393,272.39783530374433,261.93955024764443,261.93955024764443
1394,268.1463535920094,262.14482244579517,262.14482244579517
1395,246.552544513569,262.15370559941033,262.15370559941033
1396,245.65213801945822,261.90375762048757,262.15370559941033
1397,269.7478617327987,262.0664450106104,262.15370559941033
1398,267.9019493339083,262.2147760914001,262.2147760914001
1399,287.205796996427,262.4426253536128,262.4426253536128
1400,229.16860035887018,262.45292076912665,262.45292076912665
1401,265.02044445231195,262.401678280141,262.45292076912665
1402,271.9008040280013,262.59218581839036,262.59218581839036
1403,290.45213748310323,262.92905971708575,262.92905971708575
1404,274.10290653211194,263.5055392819702,263.5055392819702
1405,256.0448634488316,263.3082498664118,263.5055392819702
1406,258.3118496471617,263.1687580082469,263.5055392819702
1407,257.5609294279519,263.11104427302274,263.5055392819702
1408,297.12129261102655,263.4407099913822,263.5055392819702
1409,276.0178295928686,263.940145741155,263.940145741155
1410,253.91372698707073,263.80811693116624,263.940145741155
1411,235.24671392546128,263.68237297710436,263.940145741155
1412,280.6078970743794,263.6989780990763,263.940145741155
1413,255.71315375153065,263.77829009902507,263.940145741155
1414,244.51043004274473,263.7250907435741,263.940145741155
1415,248.03992531925957,263.6425911603695,263.940145741155
1416,266.6357980523678,263.81110270465865,263.940145741155
1417,289.9379135128003,263.6690745374572,263.940145741155
1418,242.1766572147608,263.5159705965832,263.940145741155
1419,286.82458985384073,263.8181958423262,263.940145741155
1420,253.9736819859754,263.74088548280366,263.940145741155
1421,303.81201322642113,264.209955170682,264.209955170682
1422,280.7781885031617,264.4786763012131,264.4786763012131
1423,263.5218035785676,264.71256544870323,264.71256544870323
1424,287.50861979311503,265.16716981971933,265.16716981971933
1425,289.54117581721505,265.56459457150766,265.56459457150766
1426,266.0892957350078,265.6111281422584,265.6111281422584
1427,257.64472093611755,265.5872349048214,265.6111281422584
1428,269.46201072183317,265.51803461354643,265.6111281422584
1429,276.04191638148075,265.63536680877996,265.63536680877996
1430,273.96040393738895,265.75541947805266,265.75541947805266
1431,289.7795625464098,265.93704666444046,265.93704666444046
1432,256.73370780179584,265.71724378240293,265.93704666444046
1433,240.506099674383,265.70957444426256,265.93704666444046
1434,279.77618776437237,265.7934154878227,265.93704666444046
1435,259.1529631127828,265.67966836097935,265.93704666444046
1436,278.1209819222365,265.61946307058565,265.93704666444046
1437,258.2270843208394,265.81483530522735,265.93704666444046
1438,260.8253555824323,265.7678858994111,265.93704666444046
1439,211.23537817900416,265.2565909992064,265.93704666444046
1440,242.43503484841918,265.0365499494259,265.93704666444046
1441,260.80238207483865,265.15098231619055,265.93704666444046
1442,277.80071767518814,265.42894097591795,265.93704666444046
1443,278.22631621506696,265.89631998763775,265.93704666444046
1444,263.3418836647456,265.8515998166386,265.93704666444046
1445,257.0245746638618,265.7728823611918,265.93704666444046
1446,248.18966526339227,265.44296627279743,265.93704666444046
1447,233.17791627768148,265.13613408222545,265.93704666444046
1448,261.5002867283698,265.155508574134,265.93704666444046
1449,280.36721377193686,265.23285908050866,265.93704666444046
1450,299.17208650317144,265.38379843857916,265.93704666444046
1451,268.52772463556573,265.66669627997555,265.93704666444046
1452,231.20962574914117,265.46268680672466,265.93704666444046
1453,237.45789590938767,265.00104770512246,265.93704666444046
1454,278.02367852629004,265.02741398852953,265.93704666444046
1455,267.53215992518676,265.3866945711804,265.93704666444046
1456,289.0264766637335,265.5797653993126,265.93704666444046
1457,257.6121492402595,265.9162812031527,265.93704666444046
1458,285.6362883856989,266.0639754888413,266.0639754888413
1459,286.17078459709745,266.26280615992624,266.26280615992624
1460,264.03432909125615,266.2981793269327,266.2981793269327
1461,299.49016023830177,266.69273934214,266.69273934214
1462,284.69859671502104,266.77308536195704,266.77308536195704
1463,277.81395573578004,266.51148549395805,266.77308536195704
1464,285.1604459248882,266.61084775084345,266.77308536195704
1465,235.7515957704897,266.4554970335391,266.77308536195704
1466,259.5626862981883,266.3394979493803,266.77308536195704
1467,251.58067135567367,266.3004333107369,266.77308536195704
1468,289.1775564106108,266.5049200173987,266.77308536195704
1469,277.4016485338954,266.66104570915905,266.77308536195704
1470,285.322960724183,267.08599307281605,267.08599307281605
1471,268.2326467877754,267.1618989539804,267.1618989539804
1472,283.04212528901064,267.58980837797253,267.58980837797253
1473,282.0617330938565,267.7006531806943,267.7006531806943
1474,237.01197170596313,267.859466654105,267.859466654105
1475,268.8884134904814,267.86439727565545,267.86439727565545
1476,207.14483193014223,267.3039062677013,267.86439727565545
1477,262.48113157472153,267.06251238890997,267.86439727565545
1478,240.71653095283642,266.64960650409853,267.86439727565545
1479,299.84385610712434,267.0357123660401,267.86439727565545
1480,270.3924264206648,266.92199943701854,267.86439727565545
1481,266.41948955568046,266.9289059809497,267.86439727565545
1482,268.8588570907491,266.71084285507135,267.86439727565545
1483,245.00673818489884,266.2496891277561,267.86439727565545
1484,258.03944460413584,266.2152084630382,267.86439727565545
1485,255.71561407294797,266.0979886643251,267.86439727565545
1486,231.34908920950807,265.76999258332717,267.86439727565545
1487,271.46373780989177,265.6598687070818,267.86439727565545
1488,292.52728620292896,265.7722037522625,267.86439727565545
1489,264.4905478520718,265.9740336285403,267.86439727565545
1490,254.32429735425612,266.24835213826293,267.86439727565545
1491,234.6218673243,265.6818030671746,267.86439727565545
1492,270.20248978181496,265.3966868884199,267.86439727565545
1493,260.5385070090061,265.27809360547246,267.86439727565545
1494,282.72283652596354,265.4238584348121,267.86439727565545
1495,194.78710788390703,264.9062040685154,267.86439727565545
1496,253.86504234527789,264.98833311177367,267.86439727565545
1497,271.5492213247196,265.00634670769284,267.86439727565545
1498,277.201001160462,265.0993372259584,267.86439727565545
1499,260.0380026200494,264.82765928219465,267.86439727565545
1500,275.70365810429223,265.29300985964886,267.86439727565545
